Workbook

Sheet Controle de Frequência
A1: Aluno | B1: Aula 1 | C1: Aula 2 | D1: Aula 3 | E1: Aula 4 | F1: Aula 5 | G1: Aula 6 | H1: TOTAL FALTAS | I1: TOTAL PRESENÇA
A2: Amanda | H2: =COUNTIF(B2:G2,"F") | I2: =COUNTIF(B2:G2,"P")
A3: Julia | H3: =COUNTIF(B3:G3,"F") | I3: =COUNTIF(B3:G3,"P")
A4: Livia | H4: =COUNTIF(B4:G4,"F") | I4: =COUNTIF(B4:G4,"P")
A5: Luan | H5: =COUNTIF(B5:G5,"F") | I5: =COUNTIF(B5:G5,"P")
A6: Luan | H6: =COUNTIF(B6:G6,"F") | I6: =COUNTIF(B6:G6,"P")
A7: Lucas | H7: =COUNTIF(B7:G7,"F") | I7: =COUNTIF(B7:G7,"P")
A8: Luis | H8: =COUNTIF(B8:G8,"F") | I8: =COUNTIF(B8:G8,"P")
A9: Maria clara | H9: =COUNTIF(B9:G9,"F") | I9: =COUNTIF(B9:G9,"P")
A10: Maria emanoele | H10: =COUNTIF(B10:G10,"F") | I10: =COUNTIF(B10:G10,"P")
A11: Matheus | H11: =COUNTIF(B11:G11,"F") | I11: =COUNTIF(B11:G11,"P")
A12: Miguel | H12: =COUNTIF(B12:G12,"F") | I12: =COUNTIF(B12:G12,"P")
A13: Miguel Rafael | H13: =COUNTIF(B13:G13,"F") | I13: =COUNTIF(B13:G13,"P")
... A22: Victor Ricardo | H22: =COUNTIF(B22:G22,"F") | I22: =COUNTIF(B22:G22,"P")

Sheet Gráficos
A1: Aluno | B1: Faltas | C1: Presenças
A2: ='Controle de Frequência'!A2 | B2: ='Controle de Frequência'!H2 | C2: ='Controle de Frequência'!I2
A3: ='Controle de Frequência'!A3 | B3: ='Controle de Frequência'!H3 | C3: ='Controle de Frequência'!I3
A4: ='Controle de Frequência'!A4 | B4: ='Controle de Frequência'!H4 | C4: ='Controle de Frequência'!I4
A5: ='Controle de Frequência'!A5 | B5: ='Controle de Frequência'!H5 | C5: ='Controle de Frequência'!I5
A6: ='Controle de Frequência'!A6 | B6: ='Controle de Frequência'!H6 | C6: ='Controle de Frequência'!I6
A7: ='Controle de Frequência'!A7 | B7: ='Controle de Frequência'!H7 | C7: ='Controle de Frequência'!I7
A8: ='Controle de Frequência'!A8 | B8: ='Controle de Frequência'!H8 | C8: ='Controle de Frequência'!I8
A9: ='Controle de Frequência'!A9 | B9: ='Controle de Frequência'!H9 | C9: ='Controle de Frequência'!I9
A10: ='Controle de Frequência'!A10 | B10: ='Controle de Frequência'!H10 | C10: ='Controle de Frequência'!I10
A11: ='Controle de Frequência'!A11 | B11: ='Controle de Frequência'!H11 | C11: ='Controle de Frequência'!I11
A12: ='Controle de Frequência'!A12 | B12: ='Controle de Frequência'!H12 | C12: ='Controle de Frequência'!I12
A13: ='Controle de Frequência'!A13 | B13: ='Controle de Frequência'!H13 | C13: ='Controle de Frequência'!I13
... A22: ='Controle de Frequência'!A22 | B22: ='Controle de Frequência'!H22 | C22: ='Controle de Frequência'!I22
